Month,Coal Production (Quadrillion Btu),Natural Gas Production,Crude Oil Production,Total Fossil Fuels Production,Nominal Natural Gas,Real Natural Gas,Nominal Crude Oil ($/barrel),Real Crude Oil ($/barrel),Nominal Coal,Real Coal,Consumer Price Index ,Coal Consumption (Quadrillion Btu),Natural Gas Consumption,Crude Oil Consumption
1990 January,1.978864,1.84667,1.356802,5.182336,5.43,10.92,20.51,41.25445745,38.0000000000000,76.44705882,1.275,1.651617,2.214586,2.85312
1990 February,1.792179,1.650498,1.217552,4.660229,5.65,11.32,19.78,39.63069805,38.0000000000000,76.1484375,1.280,1.465526,1.907248,2.600579
1990 March,2.001389,1.753415,1.336515,5.091319,5.60,11.17,18.94,37.7706458,38.0000000000000,75.79315708,1.286,1.528733,1.87065,2.857607
1990 April,1.817216,1.661925,1.288848,4.767989,5.64,11.22,16.66,33.14648526,38.0000000000000,75.61675718,1.289,1.449803,1.668133,2.717778
1990 May,1.890398,1.685536,1.317636,4.89357,6.00,11.92,16.07,31.92309857,40.5000000000000,80.46669249,1.291,1.477073,1.452612,2.841449
1990 June,1.848615,1.633115,1.236416,4.718147,6.56,12.95,15.15,29.91017032,40.5000000000000,79.97113164,1.299,1.604918,1.350899,2.810411
1990 July,1.744221,1.66651,1.289753,4.700484,7.04,13.83,16.54,32.50426858,40.5000000000000,79.60344828,1.305,1.740572,1.341798,2.880305
1990 August,2.007104,1.682955,1.310137,5.000195,7.08,13.80,24.26,47.27704369,40.5000000000000,78.93806991,1.316,1.776442,1.372602,3.045026
1990 September,1.816545,1.6165,1.256945,4.689989,6.90,13.36,29.88,57.83358566,40.5000000000000,78.40188679,1.325,1.639972,1.333192,2.681366
1990 October,2.041296,1.75632,1.356032,5.153647,6.14,11.80,32.88,63.21081409,40.5000000000000,77.87293853,1.334,1.604968,1.458073,2.824351
1990 November,1.895815,1.749751,1.285266,4.930831,5.69,10.91,30.19,57.9091393,40.5000000000000,77.69820494,1.337,1.535479,1.609279,2.693173
1990 December,1.653907,1.797675,1.319286,4.770867,5.62,10.74,25.56,48.8454076,40.5000000000000,77.40871833,1.342,1.697532,2.024196,2.746459
1991 January,1.874105,1.852575,1.348488,5.075167,5.54,10.55,22.3,42.45732925,40.5000000000000,77.12138085,1.347,1.748968,2.389278,2.796122
1991 February,1.803532,1.639805,1.240248,4.683585,5.56,10.58,18.3,34.81581788,40.5000000000000,77.06416914,1.348,1.460729,1.987785,2.447146
1991 March,1.855883,1.779209,1.356772,4.991864,5.60,10.65,17.58,33.44601521,39.5000000000000,75.16135015,1.348,1.480065,1.921539,2.702825
1991 April,1.7296,1.696277,1.306483,4.732359,5.90,11.20,18.32,34.77647224,39.5000000000000,74.99444856,1.351,1.37316,1.620823,2.612167
1991 May,1.741999,1.692375,1.332085,4.766459,6.28,11.88,18.36,34.72389159,39.5000000000000,74.71792035,1.356,1.497435,1.416318,2.708653
1991 June,1.677008,1.612635,1.273737,4.56338,6.97,13.14,17.78,33.52804669,39.5000000000000,74.49816176,1.360,1.596278,1.277489,2.744626
1991 July,1.741691,1.632338,1.320983,4.695011,7.23,13.61,18.14,34.15667438,39.5000000000000,74.38876652,1.362,1.738203,1.377051,2.841337
1991 August,1.940527,1.638755,1.315446,4.894729,7.36,13.82,18.71,35.12679228,39.5000000000000,74.17093704,1.366,1.737679,1.367091,2.881249
1991 September,1.780638,1.625334,1.281968,4.68794,6.92,12.95,19,35.56709854,39.5000000000000,73.95437956,1.370,1.576469,1.311041,2.728146
1991 October,1.972528,1.753467,1.337233,5.063228,6.20,11.59,19.86,37.12278389,39.5000000000000,73.84657434,1.372,1.540673,1.502664,2.845258
1991 November,1.78559,1.767395,1.275033,4.828018,5.51,10.25,19.35,36.01199292,39.5000000000000,73.52503628,1.378,1.588175,1.770822,2.691548
1991 December,1.733324,1.844312,1.312351,4.889987,5.51,10.22,17.17,31.86233918,39.5000000000000,73.31222865,1.382,1.653837,2.091062,2.846967
1992 January,1.912575,1.832274,1.323432,5.068281,5.53,10.25,16.1,29.85513919,39.5000000000000,73.25921909,1.383,1.674804,2.336323,2.826335
1992 February,1.785995,1.627402,1.242762,4.656159,5.54,10.25,16,29.60548341,39.5000000000000,73.10064935,1.386,1.496093,2.123792,2.616678
1992 March,1.867112,1.719182,1.321231,4.907525,5.50,10.14,16.36,30.16279439,39.5000000000000,72.83788641,1.391,1.55524,2.025,2.802972
1992 April,1.792628,1.683968,1.268896,4.745491,5.62,10.34,17.37,31.95600269,39.5000000000000,72.68113343,1.394,1.452659,1.783748,2.712648
1992 May,1.745108,1.728978,1.288914,4.763,6.15,11.29,18.79,34.49417627,39.5000000000000,72.52505369,1.397,1.487696,1.511315,2.762212
1992 June,1.740723,1.681894,1.247112,4.669729,6.84,12.52,19.83,36.29944486,39.5000000000000,72.31798715,1.401,1.560214,1.361629,2.75394
1992 July,1.759429,1.733984,1.282172,4.775585,7.27,13.27,19.74,36.03182242,39.5000000000000,72.11209964,1.405,1.780586,1.427258,2.871161
1992 August,1.838808,1.688004,1.244538,4.771349,7.45,13.57,19.25,35.06254883,39.5000000000000,71.9584517,1.408,1.708952,1.369896,2.838351
1992 September,1.819368,1.669969,1.223241,4.712578,7.15,13.00,19.26,35.00617612,39.5000000000000,71.80545712,1.411,1.604886,1.34719,2.732485
1992 October,1.87785,1.78171,1.28121,4.940771,6.52,11.80,19.34,35.00273853,37.2500000000000,67.42854622,1.417,1.551277,1.453742,2.906158
1992 November,1.747036,1.759144,1.222198,4.728378,6.02,10.86,18.4,33.20772695,35.0000000000000,63.1773399,1.421,1.549587,1.759472,2.735062
1992 December,1.807501,1.831553,1.277158,4.916212,5.74,10.34,16.94,30.52979656,35.0000000000000,63.08854533,1.423,1.700478,2.214271,2.966968
1993 January,1.74178,1.817864,1.251589,4.811233,5.73,10.29,16.8,30.17147059,35.0000000000000,62.86764706,1.428,1.694732,2.365892,2.655996
1993 February,1.654312,1.638872,1.127477,4.420661,5.73,10.27,17.41,31.20143309,31.0000000000000,55.56603774,1.431,1.571442,2.246705,2.58257
1993 March,1.838782,1.803372,1.253948,4.896102,5.67,10.15,17.82,31.89164445,31.0000000000000,55.48848569,1.433,1.642407,2.224915,2.906633
1993 April,1.699961,1.715449,1.197348,4.612757,6.02,10.74,18.35,32.72597444,31.0000000000000,55.29554937,1.438,1.47171,1.749112,2.698037
1993 May,1.585486,1.739224,1.231076,4.555786,6.78,12.06,17.89,31.81709206,31.0000000000000,55.14216366,1.442,1.477777,1.358354,2.744078
1993 June,1.741009,1.68334,1.182282,4.606631,7.37,13.10,16.8,29.85783784,31.0000000000000,55.1039501,1.443,1.65183,1.371653,2.757889
1993 July,1.524709,1.720314,1.202568,4.447592,7.86,13.95,15.81,28.05946765,31.0000000000000,55.02768166,1.445,1.879354,1.453512,2.887725
1993 August,1.641951,1.739366,1.215054,4.596371,8.13,14.40,15.64,27.70024378,31.0000000000000,54.91367403,1.448,1.861654,1.477754,2.890561
1993 September,1.721717,1.700957,1.167812,4.590486,7.75,13.71,15.32,27.09606138,31.0000000000000,54.83793103,1.450,1.613322,1.360318,2.849849
1993 October,1.746732,1.794921,1.229617,4.771271,6.79,11.96,15.59,27.45997545,31.0000000000000,54.61195055,1.456,1.598503,1.568985,2.868884
1993 November,1.714418,1.781594,1.202624,4.698636,6.17,10.84,14.05,24.67964298,31.0000000000000,54.46232877,1.460,1.616403,1.84491,2.83746
1993 December,1.724796,1.856766,1.232993,4.814556,6.07,10.64,12.56,22.01713055,31.0000000000000,54.35064935,1.463,1.756016,2.20689,2.96662
1994 January,1.653429,1.849758,1.225657,4.728844,5.93,10.40,12.93,22.66572437,31.0000000000000,54.35064935,1.463,1.850167,2.615894,2.965358
1994 February,1.759371,1.66078,1.099501,4.519652,6.04,10.56,12.9,22.55147751,31.0000000000000,54.20245399,1.467,1.609522,2.384642,2.741853
1994 March,2.069239,1.861219,1.212863,5.143321,6.30,10.98,13.18,22.97831305,29.5000000000000,51.43949694,1.471,1.625221,2.11993,2.860374
1994 April,1.887272,1.773493,1.150506,4.811271,6.60,11.50,14.54,25.33214708,29.5000000000000,51.40455163,1.472,1.476662,1.709439,2.812543
1994 May,1.771421,1.839111,1.202537,4.813069,6.84,11.89,15.74,27.36705797,31.4000000000000,54.6040678,1.475,1.542882,1.467024,2.861555
1994 June,1.86076,1.760202,1.150243,4.771205,7.66,13.28,17.04,29.54723327,33.6000000000000,58.27180527,1.479,1.756627,1.480278,2.874386
1994 July,1.67204,1.825423,1.168858,4.666321,8.10,14.00,17.52,30.27719272,33.1000000000000,57.21125337,1.484,1.833751,1.488112,2.898595
1994 August,2.026723,1.833309,1.176639,5.03667,8.22,14.15,16.66,28.67504664,33.1000000000000,56.98087248,1.490,1.815447,1.520623,3.009022
1994 September,1.906248,1.747898,1.149932,4.804077,7.84,13.47,15.91,27.3291281,33.1000000000000,56.86637642,1.493,1.613611,1.440152,2.80219
1994 October,1.837246,1.809341,1.197106,4.843693,6.86,11.78,16.27,27.92880539,33.1000000000000,56.82831325,1.494,1.579331,1.54791,2.920413
1994 November,1.862961,1.855357,1.15333,4.871648,6.27,10.73,16.46,28.17950901,33.1000000000000,56.67656876,1.498,1.531004,1.787308,2.758432
1994 December,1.895373,1.923102,1.215393,5.033869,6.06,10.35,15.78,26.96135476,36.1000000000000,61.68987342,1.501,1.675238,2.166757,3.005643
1995 January,1.90566,1.850481,1.201456,4.957597,5.85,9.97,16.56,28.21884518,37.1000000000000,63.23023256,1.505,1.734081,2.483351,2.813773
1995 February,1.809241,1.652104,1.103419,4.564764,5.76,9.79,17.21,29.24873144,37.6000000000000,63.91252485,1.509,1.564076,2.277657,2.718074
1995 March,2.005865,1.832607,1.186754,5.025225,5.84,9.91,17.21,29.19069825,38.3500000000000,65.05803571,1.512,1.56238,2.188573,2.880142
1995 April,1.727368,1.773557,1.149047,4.649971,6.06,10.24,18.7,31.59259058,37.1000000000000,62.68873518,1.518,1.451528,1.86057,2.729962
1995 May,1.796349,1.823521,1.191951,4.811821,6.54,11.03,18.56,31.29422222,38.7700000000000,65.38136095,1.521,1.525782,1.65096,2.855716
1995 June,1.817216,1.750574,1.144681,4.712472,7.49,12.60,17.43,29.33106447,40.7700000000000,68.61879921,1.524,1.666155,1.488465,2.912833
1995 July,1.717688,1.809885,1.159489,4.687062,7.82,13.14,16.5,27.72967726,41.0500000000000,68.99950852,1.526,1.892732,1.62458,2.844166
1995 August,1.901985,1.796352,1.159108,4.857445,8.13,13.64,16.54,27.74236135,40.8800000000000,68.57894048,1.529,1.984136,1.695992,2.994629
1995 September,1.90734,1.746549,1.116407,4.770296,7.73,12.95,16.71,27.99088717,40.9300000000000,68.57312214,1.531,1.663762,1.491992,2.88233
1995 October,1.939535,1.781993,1.154518,4.876046,6.62,11.06,16.29,27.21623893,40.9700000000000,68.46127036,1.535,1.615666,1.561282,2.906783
1995 November,1.858777,1.825542,1.145844,4.830162,5.61,9.36,16.52,27.56459271,39.5900000000000,66.06919323,1.537,1.642728,1.956143,2.8511
1995 December,1.742527,1.880664,1.174082,4.797274,5.54,9.23,17.53,29.2118257,39.3500000000000,65.58333333,1.539,1.785701,2.391574,3.01172
1996 January,1.796439,1.831059,1.167854,4.795352,5.64,9.35,17.48,28.97787395,39.3700000000000,65.27734324,1.547,1.846331,2.657495,2.996585
1996 February,1.810845,1.724523,1.106217,4.641585,5.82,9.63,17.77,29.40161145,39.2800000000000,65.00206452,1.550,1.674298,2.40481,2.856569
1996 March,1.95751,1.84387,1.181548,4.982929,5.93,9.78,19.9,32.81996302,39.0100000000000,64.34768489,1.555,1.676263,2.281463,3.012352
1996 April,1.907983,1.816958,1.12124,4.846181,6.27,10.30,21.33,35.04316768,39.3300000000000,64.62616912,1.561,1.51701,1.897379,2.854141
1996 May,1.917099,1.848488,1.149605,4.915192,6.84,11.22,20.12,32.99184719,38.2000000000000,62.64897698,1.564,1.624761,1.680076,2.971042
1996 June,1.815968,1.800671,1.123728,4.740367,7.83,12.81,19.32,31.61939311,38.2000000000000,62.52903638,1.567,1.754707,1.566541,2.904633
1996 July,1.912976,1.845332,1.139531,4.897839,8.64,14.11,19.6,32.01635032,38.4000000000000,62.73630573,1.570,1.903677,1.569717,3.022548
1996 August,2.037281,1.853613,1.143541,5.034435,8.73,14.24,20.53,33.49282745,38.3500000000000,62.57490458,1.572,1.92362,1.602561,3.093404
1996 September,1.880233,1.791567,1.127843,4.799643,7.99,12.99,22.04,35.84225301,38.1000000000000,61.96987952,1.577,1.719606,1.505677,2.826485
1996 October,2.029051,1.841835,1.165261,5.036147,7.05,11.43,23.22,37.64186568,37.6000000000000,60.96333755,1.582,1.722898,1.617748,3.171208
1996 November,1.861906,1.818113,1.126755,4.806773,6.37,10.29,22.66,36.61831727,35.7000000000000,57.70037807,1.587,1.770365,1.969258,2.940078
1996 December,1.862858,1.858149,1.169773,4.89078,6.47,10.43,23.22,37.42893243,35.3500000000000,56.99104337,1.591,1.868379,2.331923,3.005668
1997 January,1.98574,1.87429,1.151101,5.011131,6.74,10.84,23.02,37.03671048,35.2300000000000,56.69068381,1.594,1.931005,2.595436,3.043314
1997 February,1.890863,1.706547,1.057921,4.655331,6.79,10.90,20.88,33.53057358,34.6000000000000,55.57232311,1.597,1.642436,2.323114,2.721845
1997 March,1.98411,1.895135,1.160078,5.039323,6.52,10.46,19.16,30.74922215,34.5000000000000,55.37703379,1.598,1.674451,2.202891,2.943377
1997 April,1.890446,1.803662,1.120785,4.814894,6.53,10.47,17.83,28.59685569,35.4000000000000,56.78611632,1.599,1.595009,1.881259,2.963868
1997 May,2.025991,1.871285,1.164072,5.061348,6.83,10.95,18.55,29.75163618,35.7300000000000,57.31547842,1.599,1.629447,1.683297,3.024986
1997 June,1.859166,1.777197,1.120859,4.757222,8.30,13.29,17.35,27.77489154,34.5000000000000,55.23876404,1.602,1.744437,1.569908,2.988351
1997 July,1.908692,1.844384,1.152409,4.905484,8.78,14.04,17.49,27.96410022,35.0000000000000,55.96945137,1.604,1.988514,1.706443,3.16903
1997 August,1.920083,1.842472,1.14126,4.903815,8.99,14.34,17.96,28.64413371,36.9300000000000,58.90886194,1.608,1.941613,1.671787,3.071275
1997 September,1.982762,1.799719,1.128533,4.911015,8.84,14.06,17.85,28.39805444,37.1500000000000,59.11274814,1.612,1.806164,1.571904,2.96591
1997 October,2.031691,1.856429,1.162794,5.050914,7.69,12.21,18.73,29.74271811,37.1500000000000,59.00294118,1.615,1.812595,1.631616,3.149459
1997 November,1.791105,1.788492,1.123915,4.703512,6.86,10.88,17.88,28.35782375,33.6000000000000,53.2987013,1.617,1.759272,1.970957,2.949792
1997 December,2.038965,1.829444,1.174293,5.042702,6.54,10.37,15.95,25.2811936,31.4000000000000,49.77812114,1.618,1.920468,2.414106,3.13802
1998 January,2.109645,1.921236,1.175987,5.206867,6.41,10.15,14.33,22.68540725,31.4000000000000,49.71666667,1.620,1.891535,2.508274,3.001769
1998 February,1.875506,1.718372,1.051663,4.64554,6.41,10.15,13.32,21.08650556,33.4400000000000,52.94666667,1.620,1.660188,2.197926,2.713841
1998 March,2.069152,1.915986,1.152106,5.137244,6.29,9.96,12.34,19.53509599,31.8800000000000,50.47666667,1.620,1.722384,2.232614,3.060346
1998 April,1.980508,1.852406,1.127999,4.960912,6.81,10.77,12.81,20.25413425,31.1800000000000,49.30745993,1.622,1.602345,1.803886,3.048996
1998 May,1.952215,1.916111,1.141174,5.009501,7.70,12.14,12.61,19.8888627,30.2800000000000,47.76642066,1.626,1.737653,1.634215,3.049723
1998 June,1.989483,1.82886,1.090504,4.908847,8.51,13.41,11.61,18.28913744,30.0000000000000,47.26658477,1.628,1.865706,1.630555,3.085113
1998 July,1.958933,1.846668,1.11375,4.919351,8.53,13.40,11.55,18.15002528,30.0000000000000,47.15073529,1.632,2.042377,1.768645,3.240429
1998 August,1.972738,1.874061,1.115235,4.962034,9.25,14.52,11.34,17.79821328,26.2000000000000,41.12790698,1.634,2.039581,1.782247,3.213684
1998 September,2.062224,1.712711,1.007323,4.782258,8.96,14.05,12.77,20.03035031,27.0900000000000,42.49899083,1.635,1.841326,1.636834,3.038927
1998 October,2.090703,1.842486,1.104433,5.037623,7.60,11.89,12.11,18.94875122,27.1000000000000,42.41092129,1.639,1.75168,1.592778,3.167374
1998 November,1.945846,1.787606,1.068348,4.801799,6.58,10.28,10.99,17.17530728,26.1000000000000,40.79616088,1.641,1.666298,1.807508,2.972868
1998 December,2.038246,1.817252,1.086612,4.94211,6.34,9.89,9.39,14.64802874,26.1000000000000,40.72171533,1.644,1.83467,2.234747,3.188135
1999 January,1.937848,1.861441,1.072211,4.8715,6.00,9.34,10.16,15.82032908,26.1000000000000,40.64754098,1.647,1.899404,2.611701,3.115652
1999 February,1.959623,1.685248,0.9688,4.613671,6.29,9.79,10.33,16.08503931,26.1000000000000,40.64754098,1.647,1.64394,2.192185,2.839192
1999 March,2.092359,1.873139,1.057697,5.023195,6.06,9.43,12.1,18.82970722,26.1000000000000,40.62287621,1.648,1.720541,2.25963,3.206946
1999 April,1.900155,1.794189,1.024373,4.718718,6.44,9.96,14.82,22.90958499,26.1000000000000,40.35352622,1.659,1.637055,1.897575,3.052496
1999 May,1.813646,1.829001,1.056309,4.698955,7.30,11.28,15.57,24.05447756,26.1000000000000,40.32921687,1.660,1.711331,1.619282,3.09106
1999 June,1.925871,1.793088,1.002286,4.721245,8.20,12.67,15.91,24.57975196,26.1000000000000,40.32921687,1.660,1.838709,1.565126,3.171127
1999 July,1.876465,1.8493,1.04248,4.768245,8.83,13.58,18.05,27.76879349,26.1000000000000,40.15986803,1.667,2.079309,1.723955,3.267442
1999 August,1.978927,1.842574,1.039286,4.860787,9.14,14.03,19.56,30.01980072,26.1000000000000,40.06373429,1.671,2.016484,1.762724,3.329025
1999 September,1.97103,1.788236,1.009856,4.769123,8.63,13.19,21.64,33.07354172,26.1000000000000,39.8966031,1.678,1.813848,1.564501,3.104467
1999 October,1.918471,1.856617,1.069291,4.844379,7.56,11.53,21.62,32.98400446,25.6000000000000,39.06246282,1.681,1.743987,1.665213,3.259937
1999 November,1.955082,1.821319,1.037102,4.813503,7.15,10.89,23.14,35.24006265,25.1000000000000,38.23129454,1.684,1.689054,1.771239,3.030907
1999 December,1.965608,1.874199,1.071351,4.911158,6.51,9.89,24.35,36.99490595,25.1000000000000,38.14069905,1.688,1.828883,2.2761,3.333945
2000 January,1.855655,1.889615,1.040031,4.7853,6.37,9.65,25.29,38.30956985,25.1000000000000,38.0280567,1.693,2.021217,2.586507,3.087336
2000 February,1.846984,1.747183,0.984279,4.578447,6.54,9.87,27.39,41.31982897,25.1000000000000,37.87147059,1.700,1.833478,2.390781,2.997311
2000 March,2.106475,1.906518,1.064094,5.077088,6.91,10.36,27.7,41.5431155,25.1000000000000,37.65,1.710,1.799109,2.129675,3.14358
2000 April,1.732611,1.805663,1.018625,4.556899,7.19,10.79,24.29,36.45027896,25.1000000000000,37.67203043,1.709,1.629003,1.866071,2.990761
2000 May,1.879543,1.871722,1.051202,4.802467,8.26,12.37,26.35,39.47228461,25.6000000000000,38.35514019,1.712,1.776114,1.772935,3.238716
2000 June,1.919697,1.822799,1.013181,4.755677,9.50,14.15,28.91,43.05566972,25.6000000000000,38.13240418,1.722,1.928198,1.650324,3.206277
2000 July,1.794655,1.884413,1.031937,4.711005,10.32,15.33,28,41.57967574,25.6000000000000,38.02200347,1.727,2.008226,1.705206,3.25746
2000 August,2.047172,1.897713,1.040814,4.985699,10.37,15.40,28.8,42.76766647,25.6000000000000,38.02200347,1.727,2.078449,1.850883,3.389601
2000 September,1.889379,1.834418,1.001839,4.725636,10.10,14.92,30.56,45.14597465,27.1500000000000,40.11506336,1.736,1.854721,1.595644,3.178809
2000 October,1.967912,1.925582,1.044464,4.937957,9.44,13.92,29.71,43.81456196,27.1500000000000,40.04585969,1.739,1.839302,1.642844,3.256972
2000 November,1.916304,1.83074,1.014884,4.761928,8.58,12.63,30,44.16604478,27.1500000000000,39.97689437,1.742,1.826174,1.968807,3.066174
2000 December,1.779092,1.856079,1.052748,4.687919,8.56,12.57,25.19,36.99979625,30.7500000000000,45.17396907,1.746,1.985538,2.664303,3.412598
2001 January,2.027427,1.880636,1.042647,4.950709,10.12,14.78,24.49,35.76676637,32.1000000000000,46.88866743,1.756,2.002949,2.74295,3.312917
2001 February,1.819437,1.732568,0.938688,4.490693,10.26,14.95,24.97,36.38490781,32.1000000000000,46.78210227,1.760,1.731656,2.366588,2.930445
2001 March,2.078637,1.944211,1.05728,5.080129,9.85,14.34,23.01,33.50986414,32.6000000000000,47.48381601,1.761,1.788025,2.301316,3.275723
2001 April,1.890419,1.874934,1.020098,4.785451,10.16,14.77,22.99,33.42379776,33.5000000000000,48.71173469,1.764,1.620019,1.851132,3.150451
2001 May,1.992608,1.949883,1.048131,4.990622,11.14,16.11,24.63,35.62632953,33.8000000000000,48.89847716,1.773,1.748867,1.558642,3.236345
2001 June,1.948102,1.866173,1.003248,4.817523,11.58,16.71,23.95,34.56475591,33.9000000000000,48.93275183,1.777,1.860899,1.479031,3.145664
2001 July,1.878077,1.922848,1.033604,4.834529,11.22,16.22,22.76,32.90289008,34.0000000000000,49.16009019,1.774,2.049665,1.635115,3.296487
2001 August,2.087613,1.929454,1.02943,5.046497,10.89,15.74,23.77,34.36299197,33.8000000000000,48.87091319,1.774,2.089949,1.709253,3.339007
2001 September,1.876859,1.88331,0.993364,4.753534,10.17,14.64,22.51,32.41357847,32.8000000000000,47.23862998,1.781,1.792281,1.529042,3.024875
2001 October,2.111728,1.957306,1.033151,5.102186,8.24,11.90,18.76,27.08976745,32.4000000000000,46.79391892,1.776,1.726261,1.687909,3.258149
2001 November,1.988973,1.862735,1.023359,4.875067,7.98,11.53,16.06,23.20398563,29.4000000000000,42.48507042,1.775,1.674629,1.740611,3.077261
2001 December,1.847197,1.908646,1.058565,4.814409,7.30,10.55,15.95,23.05804467,27.3500000000000,39.5449549,1.774,1.829069,2.170971,3.101476
2002 January,2.120218,1.868945,1.056043,5.045206,7.38,10.65,17.04,24.59221047,29.1000000000000,42.0042206,1.777,1.848766,2.541086,3.18399
2002 February,1.875246,1.682797,0.95506,4.513103,7.23,10.42,18.24,26.27968989,29.8500000000000,43.01418539,1.780,1.634422,2.290544,2.855316
2002 March,1.873873,1.878238,1.058271,4.810383,7.10,10.20,22.29,32.02486092,29.5500000000000,42.46260504,1.785,1.713009,2.30598,3.219177
2002 April,1.865983,1.817967,1.016932,4.700882,7.66,10.96,23.98,34.29922393,28.8400000000000,41.25744562,1.793,1.616337,1.921276,3.123222
2002 May,1.898776,1.891819,1.061729,4.852323,8.54,12.20,24.44,34.91822451,28.6300000000000,40.91139276,1.795,1.718424,1.64523,3.250275
2002 June,1.772256,1.816108,1.023884,4.612248,9.58,13.68,23.45,33.48512458,26.6500000000000,38.06082962,1.796,1.861288,1.624904,3.174406
2002 July,1.794687,1.889141,1.033997,4.717825,10.31,14.69,24.99,35.60484958,24.9000000000000,35.4825,1.800,2.053634,1.784155,3.31103
2002 August,1.915377,1.865683,1.042085,4.823145,10.44,14.83,25.68,36.48658504,24.0000000000000,34.10526316,1.805,2.033812,1.761258,3.330336
2002 September,1.918966,1.76505,0.941551,4.625567,10.23,14.51,27.14,38.49699419,24.4500000000000,34.68708518,1.808,1.875494,1.574066,3.09849
2002 October,1.965628,1.80573,0.963407,4.734764,8.61,12.19,25.99,36.78438424,26.2500000000000,37.15852649,1.812,1.817247,1.679165,3.223597
2002 November,1.836121,1.804468,0.978494,4.619083,7.99,11.29,23.68,33.45957906,26.2500000000000,37.09710744,1.815,1.787389,1.953127,3.164886
2002 December,1.895106,1.855277,1.028759,4.779142,7.87,11.10,26.68,37.63633718,26.2500000000000,37.03589109,1.818,1.944168,2.429293,3.252088
2003 January,1.913846,1.865567,1.03479,4.814203,8.18,11.49,30.3,42.55565307,26.6785714285714,37.47564935,1.826,2.018845,2.769865,3.256417
2003 February,1.696195,1.700602,0.939137,4.335934,8.58,11.98,32.23,45.01974523,26.9464285714286,37.6457458,1.836,1.774317,2.564363,3.005681
2003 March,1.837564,1.909927,1.043462,4.790954,9.77,13.62,29.23,40.76265756,26.1428571428571,36.46352832,1.839,1.756996,2.253849,3.241712
2003 April,1.841394,1.827703,0.996292,4.66539,10.18,14.25,24.48,34.26899345,25.1250000000000,35.1777429,1.832,1.616938,1.787626,3.159915
2003 May,1.865279,1.852681,1.018293,4.736253,10.79,15.13,25.15,35.26465897,24.9642857142857,35.01005624,1.829,1.710249,1.55118,3.197584
2003 June,1.825304,1.796067,0.98468,4.606051,12.08,16.92,27.22,38.12546778,25.8214285714286,36.17256378,1.831,1.845179,1.401748,3.177485
2003 July,1.826571,1.829837,0.98862,4.645029,12.75,17.80,27.95,39.02007145,26.0892857142857,36.42842562,1.837,2.046458,1.639346,3.328409
2003 August,1.84714,1.869453,1.002164,4.718756,12.84,17.85,28.5,39.61538618,27.1339285714286,37.72277875,1.845,2.076858,1.691505,3.398083
2003 September,1.863978,1.808386,0.975968,4.648331,12.31,17.06,25.66,35.55213101,28.6071428571429,39.64198889,1.851,1.865606,1.463482,3.172028
2003 October,1.938176,1.876402,1.009315,4.823893,10.64,14.76,27.32,37.89301731,29.4642857142857,40.87392799,1.849,1.802107,1.591264,3.317584
2003 November,1.737725,1.798703,0.965101,4.501528,9.77,13.54,27.47,38.08047311,32.0491071428571,44.43565396,1.850,1.813367,1.796227,3.145997
2003 December,1.900479,1.844234,1.001747,4.746461,9.51,13.15,28.63,39.58155377,36.4285714285714,50.3715826,1.855,1.994007,2.320191,3.369334
2004 January,1.924511,1.844425,1.004168,4.773104,9.71,13.37,30.11,41.44892821,40.4464285714286,55.6871118,1.863,2.025102,2.738805,3.334829
2004 February,1.782467,1.710464,0.937179,4.430111,9.85,13.53,30.69,42.15683275,44.7321428571429,61.45578277,1.867,1.830837,2.570153,3.18538
2004 March,1.95181,1.857914,1.009868,4.819592,10.03,13.75,32.16,44.08163121,52.4330357142857,71.88174057,1.871,1.746479,2.149567,3.363357
2004 April,1.887051,1.791407,0.967498,4.645956,10.54,14.42,32.34,44.25739354,57.0535714285714,78.09093421,1.874,1.616,1.785159,3.272811
2004 May,1.793792,1.822185,0.998961,4.614937,11.63,15.85,35.68,48.62063549,60.4687500000000,82.41357266,1.882,1.779319,1.607812,3.347307
2004 June,1.950629,1.77646,0.940807,4.667896,13.08,17.76,33.45,45.41293475,63.8035714285714,86.63640059,1.889,1.886474,1.520787,3.317356
2004 July,1.898328,1.83975,0.986065,4.724142,13.54,18.36,35.89,48.67403318,65.7589285714286,89.19706599,1.891,2.042463,1.623573,3.451849
2004 August,1.957711,1.831638,0.957415,4.746764,13.74,18.62,39.46,53.48738346,63.4821428571429,86.0632645,1.892,2.015186,1.613918,3.469259
2004 September,1.922932,1.71595,0.884177,4.52306,13.31,17.98,40.42,54.61544863,59.3303571428571,80.18038255,1.898,1.8778,1.51531,3.274177
2004 October,1.904518,1.793776,0.929566,4.62786,11.69,15.71,45.36,60.96914151,60.6696428571429,81.56060478,1.908,1.80633,1.591805,3.420375
2004 November,1.904575,1.75644,0.943656,4.60467,11.44,15.30,39.89,53.36510003,56.5982142857143,75.73000503,1.917,1.819334,1.823223,3.302573
2004 December,1.973776,1.799695,0.990726,4.764197,11.09,14.84,34.07,45.57906638,55.9821428571429,74.9056841,1.917,2.020872,2.382949,3.470732
2005 January,1.919432,1.809848,0.97922,4.7085,10.90,14.59,37.56,50.27423643,56.8339285714286,76.08508705,1.916,2.012518,2.629461,3.369238
2005 February,1.842525,1.663735,0.893421,4.399681,10.87,14.49,39.72,52.94434459,53.4616071428571,71.27288062,1.924,1.77599,2.300506,3.068472
2005 March,2.092335,1.870335,1.00703,4.969701,10.84,14.40,45.73,60.73434218,54.5625000000000,72.47685785,1.931,1.845437,2.261281,3.442294
2005 April,1.909338,1.788564,0.967932,4.665834,11.88,15.73,45.25,59.91069631,54.9107142857143,72.71346523,1.937,1.637086,1.767992,3.209656
2005 May,1.847085,1.833127,1.006247,4.68646,12.74,16.88,43.19,57.21280695,54.9776785714286,72.83974459,1.936,1.748602,1.560987,3.399316
2005 June,1.953824,1.779575,0.946925,4.680324,13.79,18.26,49.28,65.24638926,54.6428571428571,72.3587654,1.937,1.953828,1.571608,3.393501
2005 July,1.884861,1.797324,0.944551,4.626736,14.86,19.55,52.79,69.46327052,54.5357142857143,71.77224584,1.949,2.094019,1.72836,3.44603
2005 August,2.006343,1.78673,0.934685,4.727759,15.51,20.28,58.67,76.7280037,50.6907467532467,66.30380695,1.961,2.116709,1.736863,3.569789
2005 September,1.960229,1.540079,0.733218,4.233526,16.56,21.36,58.79,75.84072648,48.3214285714286,62.34631,1.988,1.93733,1.456699,3.234261
2005 October,1.919308,1.624985,0.818957,4.36325,16.44,21.18,55.31,71.24391926,44.5280612244898,57.36538274,1.991,1.851885,1.462061,3.35174
2005 November,1.94436,1.665833,0.845109,4.455302,15.64,20.25,49.97,64.6904658,40.6412337662338,52.6222941,1.981,1.802265,1.704151,3.28692
2005 December,1.905549,1.729721,0.896857,4.532127,14.60,18.90,50.85,65.82970154,41.6892857142857,53.9793124,1.981,2.020875,2.385397,3.511558
2006 January,2.018427,1.772384,0.907582,4.698392,14.92,19.20,55.85,71.8672924,45.6428571428572,58.74256326,1.993,1.909554,2.220166,3.344563
2006 February,1.82171,1.596845,0.817186,4.23574,13.98,17.98,52.8,67.90850552,50.9196428571429,65.5009448,1.994,1.780597,2.198556,3.02762
2006 March,2.076033,1.794676,0.903885,4.774593,13.17,16.91,55.31,71.02986642,53.2127329192547,68.34785175,1.997,1.81381,2.179727,3.36856
2006 April,1.95157,1.732615,0.884208,4.568392,13.27,16.96,62.41,79.74844332,56.4702380952381,72.17048366,2.007,1.602757,1.723031,3.201315
2006 May,2.040178,1.801444,0.926071,4.767692,14.41,18.36,64.39,82.03327583,56.7219387755102,72.27609188,2.013,1.765643,1.564935,3.350339
2006 June,1.987844,1.777303,0.898327,4.663473,15.07,19.15,63.79,81.06751202,54.9107142857143,69.79483753,2.018,1.903022,1.588425,3.32762
2006 July,1.945013,1.819771,0.915932,4.680717,15.72,19.87,67.99,85.93664576,56.9540816326531,71.99961527,2.029,2.101758,1.802412,3.392632
2006 August,2.060571,1.822292,0.906143,4.789007,16.18,20.36,66.45,83.61923884,55.6339285714286,70.02013091,2.038,2.123005,1.79505,3.517345
2006 September,1.925842,1.782932,0.875368,4.584142,15.71,19.87,57.29,72.44797917,51.8877551020408,65.62726422,2.028,1.843209,1.497401,3.258377
2006 October,2.021456,1.845951,0.918447,4.785853,12.51,15.89,52.7,66.9406154,47.6907467532468,60.58779862,2.019,1.84049,1.684294,3.390221
2006 November,1.974799,1.780126,0.881172,4.636098,12.45,15.81,52.7,66.90747649,48.2142857142857,61.22259547,2.020,1.807172,1.809025,3.251398
2006 December,1.966068,1.851204,0.932455,4.749726,12.53,15.82,54.97,69.41146615,54.5103383458647,68.84245094,2.031,1.956143,2.175717,3.373383
2007 January,2.041411,1.811283,0.918384,4.771077,12.17,15.34,49.57,62.48911592,55.7629870129870,70.30779145,2.034,1.991341,2.535185,3.314638
2007 February,1.814267,1.659934,0.831147,4.305348,12.13,15.23,53.77,67.52186193,56.0062500000000,70.3416956,2.042,1.834678,2.629609,3.106343
2007 March,2.001861,1.872222,0.920442,4.794524,12.81,16.00,56.31,70.34566962,56.9245129870130,71.12513922,2.053,1.795345,2.179702,3.329427
2007 April,1.906797,1.78852,0.90136,4.596676,13.31,16.58,60.45,75.2916693,58.0516917293233,72.31651123,2.059,1.664669,1.853482,3.226574
2007 May,1.986306,1.893237,0.936977,4.81652,14.69,18.22,61.55,76.34620263,58.4566326530612,72.52122694,2.068,1.774994,1.598472,3.356522
2007 June,1.958718,1.830291,0.883075,4.672084,16.28,20.15,65.24,80.73620786,63.1505102040817,78.16336058,2.072,1.947326,1.592406,3.259688
2007 July,1.906797,1.873454,0.905818,4.686069,16.71,20.64,70.75,87.39935418,72.7938311688312,89.93905529,2.076,2.082997,1.700412,3.370551
2007 August,2.062217,1.880878,0.893549,4.836644,16.71,20.64,68.28,84.32210269,74.8344155844156,92.43176623,2.077,2.133506,1.942316,3.42373
2007 September,1.89364,1.839838,0.852954,4.586432,16.03,19.71,72.34,88.95901427,73.5535714285715,90.46637483,2.085,1.907819,1.628035,3.204861
2007 October,2.024921,1.909322,0.902944,4.837187,14.57,17.86,78.61,96.37231261,79.5093167701863,97.49098787,2.092,1.831655,1.66616,3.315934
2007 November,1.985916,1.886892,0.875919,4.748726,13.04,15.86,85.53,104.0382954,93.1168831168831,113.2857154,2.108,1.801219,1.877753,3.20676
2007 December,1.909892,1.948929,0.918877,4.777699,12.34,14.97,83.21,100.9237796,98.9097744360902,119.9856092,2.114,1.983916,2.459226,3.330163
2008 January,2.00802,1.936988,0.919684,4.864692,12.24,14.79,84.82,102.5230478,98.4862012987013,119.0612923,2.122,2.025644,2.802167,3.241207
2008 February,1.903753,1.832112,0.865923,4.601788,12.58,15.17,87.41,105.3987788,141.8877551020410,171.1162844,2.127,1.866872,2.565362,2.98884
2008 March,1.970498,1.984504,0.933035,4.888038,13.13,15.78,96.96,116.4973164,137.7631578947370,165.5496889,2.134,1.801188,2.333853,3.168117
2008 April,1.979137,1.916076,0.901339,4.796552,14.49,17.37,104.72,125.5304213,131.7370129870130,157.9425444,2.139,1.667478,1.867975,3.080402
2008 May,1.968859,1.979643,0.924737,4.873239,16.33,19.46,116.55,138.889454,143.0758928571430,170.5278917,2.152,1.754297,1.614659,3.17515
2008 June,1.839216,1.931035,0.893969,4.66422,18.91,22.30,126.22,148.8532102,166.9897959183670,196.9663007,2.175,1.918698,1.643025,3.05416
2008 July,2.018959,2.030601,0.930788,4.980348,20.77,24.32,127.77,149.6126985,195.1863354037270,228.5919523,2.190,2.092275,1.750827,3.132027
2008 August,2.04416,1.999469,0.899535,4.943163,20.17,23.65,111.19,130.3923793,173.3035714285710,203.2665694,2.187,2.045647,1.723791,3.07634
2008 September,2.021775,1.69715,0.691404,4.410329,18.41,21.57,96.38,112.9281462,164.4983766233770,192.7741773,2.189,1.836245,1.494838,2.77545
2008 October,2.123379,1.921174,0.851837,4.896389,15.45,18.26,70.84,83.72289362,119.3664596273290,141.0977068,2.170,1.736712,1.673995,3.157397
2008 November,1.941916,1.917329,0.883589,4.742834,13.80,16.60,49.1,59.07523352,101.3823214285710,121.9995283,2.132,1.741143,1.913676,2.9379
2008 December,2.031694,1.976161,0.917464,4.92532,12.84,15.58,35.59,43.17601124,82.6086734693877,100.2333265,2.114,1.901237,2.458786,3.05403
2009 January,1.952209,2.022354,0.92377,4.898332,12.49,15.11,36.84,44.579628,85.5617346938775,103.5543542,2.119,1.903992,2.79216,3.033039
2009 February,1.801639,1.853387,0.850303,4.505328,12.26,14.78,38.56,46.49162549,80.8226785714285,97.4637035,2.127,1.581659,2.384794,2.690096
2009 March,1.93123,2.047403,0.936719,4.915351,11.98,14.46,45.96,55.46853667,65.4521103896103,79.00640634,2.125,1.536126,2.218983,2.967522
2009 April,1.790664,1.950452,0.918373,4.659489,11.68,14.08,49.58,59.77726777,66.2705357142857,79.91383726,2.127,1.421731,1.779264,2.860422
2009 May,1.714439,2.023662,0.966218,4.704318,12.86,15.48,56.77,68.34548673,67.0150375939849,80.69287277,2.130,1.485788,1.536921,2.875843
2009 June,1.784376,1.963284,0.915829,4.663489,14.26,17.03,66.37,79.24523616,75.8133116883116,90.53547394,2.148,1.654827,1.561083,2.894998
2009 July,1.828638,2.003228,0.968989,4.800856,15.27,18.24,63.46,75.79330379,77.6203416149068,92.72103809,2.147,1.759589,1.694878,2.939058
2009 August,1.817378,2.018725,0.972002,4.808105,15.61,18.58,68.09,81.05173559,77.8821428571428,92.72329199,2.154,1.810859,1.775076,2.990312
2009 September,1.77387,1.910605,0.966597,4.651072,14.80,17.58,67.65,80.37278561,73.1493506493506,86.92078903,2.159,1.554736,1.608916,2.840938
2009 October,1.770583,1.998455,0.991619,4.760657,11.78,13.95,72.06,85.35593186,75.7037337662337,89.68683847,2.165,1.579969,1.702122,2.945527
2009 November,1.722179,1.937311,0.935801,4.595291,11.48,13.55,74.4,87.83357117,82.2653061224489,97.13512167,2.172,1.549706,1.814114,2.818404
2009 December,1.736516,1.984368,0.977817,4.698701,10.42,12.30,72.67,85.74660117,86.3596938775509,101.9165734,2.173,1.852224,2.547629,3.004044
2010 January,1.743242,2.006929,0.969046,4.719217,10.56,12.45,75.07,88.52104266,100.1437500000000,118.1070766,2.175,1.917331,2.86903,2.899892
2010 February,1.686981,1.849731,0.900953,4.437665,10.69,12.62,73.73,87.02376865,98.1589285714284,115.8765156,2.173,1.708841,2.533045,2.652711
2010 March,1.96911,2.05297,0.989952,5.012032,10.99,12.97,76.77,90.58187499,100.0993788819870,118.1280713,2.174,1.638165,2.186711,2.996823
2010 April,1.847733,1.99379,0.936617,4.77814,11.97,14.12,80.03,94.40667206,104.9625000000000,123.8385912,2.174,1.446342,1.725374,2.909717
2010 May,1.736406,2.07603,0.969361,4.781797,13.12,15.48,71.15,83.97510758,107.9351503759400,127.4120579,2.173,1.620805,1.648905,2.968723
2010 June,1.80233,1.981624,0.936273,4.720227,14.86,17.55,71.91,84.90765991,104.4837662337660,123.3895462,2.172,1.847581,1.682136,2.980294
2010 July,1.846825,2.074327,0.952734,4.873885,16.21,19.10,73.27,86.35206464,102.8615259740260,121.2471286,2.176,1.998568,1.862228,3.035908
2010 August,1.898224,2.104467,0.978383,4.981074,16.65,19.59,73.52,86.52026358,96.8469387755101,113.9909041,2.179,1.99481,1.916484,3.09689
2010 September,1.896539,2.044986,0.976314,4.91784,15.63,18.36,73.15,85.94601363,100.1172077922080,117.650046,2.183,1.696615,1.669663,2.959771
2010 October,1.864243,2.147762,1.010599,5.022604,13.37,15.65,76.9,90.03849499,103.2071428571430,120.8602833,2.190,1.52186,1.69746,2.969203
2010 November,1.860411,2.079371,0.968701,4.908484,10.89,12.72,79.92,93.33796348,112.5837662337660,131.5075187,2.196,1.563713,2.013095,2.874967
2010 December,1.886182,2.175064,1.007309,5.068554,9.98,11.61,85.59,99.56002315,123.7857142857140,144.0139143,2.205,1.879339,2.770623,3.070862
2011 January,1.853793,2.142195,0.987446,4.983434,9.90,11.48,87.61,101.5802989,140.9935714285710,163.5035109,2.212,1.88754,2.947202,2.949471
2011 February,1.735779,1.89008,0.87687,4.50273,10.14,11.72,91.42,105.6582062,134.6244642857140,155.6173336,2.219,1.559705,2.50194,2.643982
2011 March,1.957742,2.199638,1.008973,5.166352,10.43,11.99,102.43,117.7736508,135.9712732919250,156.3651964,2.230,1.543832,2.27445,3.004043
2011 April,1.795399,2.150262,0.96611,4.911772,11.27,12.90,113.02,129.3428472,131.5255952380950,150.5460464,2.241,1.420945,1.860165,2.819028
2011 May,1.759893,2.231677,1.009199,5.000769,12.50,14.26,107.98,123.1830149,127.9628571428570,146.0035446,2.248,1.550327,1.698892,2.875754
2011 June,1.803665,2.144198,0.970617,4.91848,14.70,16.77,105.38,120.2169486,128.3620129870130,146.458975,2.248,1.757176,1.688805,2.91023
2011 July,1.736037,2.230604,0.97629,4.942931,16.14,18.36,105.94,120.5399745,128.9892857142860,146.7900876,2.254,1.952516,1.926916,2.930848
2011 August,1.937155,2.256199,1.016108,5.209461,16.67,18.91,99,112.2893355,127.4620129870130,144.5959255,2.261,1.916144,1.92815,3.037064
2011 September,1.906585,2.174108,0.971429,5.052122,15.63,17.69,101.05,114.3661671,130.5618506493510,147.7915184,2.266,1.613884,1.686983,2.861474
2011 October,1.918798,2.32645,1.058282,5.303531,12.85,14.53,101.99,115.3521518,127.9127551020410,144.6951342,2.268,1.475112,1.777421,2.937537
2011 November,1.908689,2.283098,1.044211,5.235998,10.78,12.17,107.67,121.5517039,122.7452922077920,138.5935909,2.272,1.425056,2.07127,2.867208
2011 December,1.907872,2.347363,1.084553,5.339788,9.83,11.09,106.52,120.224858,118.1764285714280,133.4031059,2.272,1.555548,2.592346,2.890075
2012 January,1.935219,2.367571,1.107701,5.410491,9.62,10.83,105.25,118.4687278,123.0857142857140,138.5674534,2.278,1.491043,2.816977,2.843861
2012 February,1.747442,2.178268,1.050489,4.9762,9.47,10.64,108.08,121.3946831,124.9668367346940,140.3851181,2.283,1.338104,2.555762,2.706111
2012 March,1.745396,2.334567,1.132846,5.212808,10.41,11.67,111,124.4139493,114.1509740259740,127.9669103,2.288,1.232736,2.173561,2.817446
2012 April,1.574811,2.252916,1.095494,4.923222,10.94,12.24,108.54,121.4549562,110.3537593984960,123.504995,2.292,1.112027,1.994864,2.73697
2012 May,1.662201,2.338142,1.14196,5.142304,12.61,14.14,103.26,115.7861663,103.8194805194800,116.4328077,2.287,1.329279,1.913537,2.88906
2012 June,1.664598,2.24393,1.090799,4.999326,14.18,15.91,92.18,103.4475694,92.7546992481201,104.1097668,2.285,1.497893,1.90813,2.847356
2012 July,1.757181,2.37044,1.154503,5.282123,15.13,16.97,92.99,104.3264488,91.3641233766233,102.5193475,2.286,1.789989,2.114077,2.892133
2012 August,1.847841,2.365149,1.137884,5.350872,15.82,17.65,97.04,108.2413547,93.4563311688310,104.2612973,2.299,1.718283,2.051682,2.98515
2012 September,1.664173,2.310544,1.142031,5.116747,14.72,16.34,101.82,113.0337972,93.1816071428570,103.4611702,2.310,1.455586,1.845379,2.72934
2012 October,1.732287,2.397233,1.248862,5.378381,11.68,12.93,100.92,111.7333551,86.8854037267080,96.21092418,2.316,1.402746,1.941321,2.904939
2012 November,1.713614,2.326062,1.224361,5.264037,9.99,11.08,98.07,108.7606304,87.2196428571427,96.74350329,2.312,1.472029,2.214645,2.786975
2012 December,1.632131,2.371094,1.274487,5.277712,9.80,10.87,93.7,103.9268395,96.0761278195487,106.579968,2.312,1.53852,2.55865,2.799252
2013 January,1.680934,2.351507,1.263058,5.295498,9.15,10.13,97.91,108.3816566,96.9521103896102,107.3391042,2.317,1.572497,2.95182,2.900734
2013 February,1.576395,2.140947,1.160252,4.877594,9.23,10.16,99.23,109.2496157,100.3473214285710,110.4980658,2.329,1.41441,2.632217,2.596741
2013 March,1.719755,2.364132,1.295996,5.379882,9.35,10.32,99.11,109.4251936,97.3167857142855,107.4631505,2.323,1.481315,2.584486,2.861386
2013 April,1.600497,2.317025,1.27985,5.197372,10.43,11.54,96.45,106.7111562,93.2331632653060,103.1691798,2.318,1.28707,2.015981,2.780565
2013 May,1.691585,2.392036,1.315502,5.399122,12.61,13.95,98.5,108.9341366,93.1260204081631,103.0079573,2.319,1.363673,1.795051,2.913541
2013 June,1.646245,2.310237,1.264574,5.221056,15.02,16.57,97.17,107.2080504,89.6426785714284,98.91951668,2.324,1.564343,1.785401,2.822184
2013 July,1.718042,2.437451,1.345402,5.500895,16.30,17.95,101.56,111.8326479,82.2223602484470,90.5540378,2.329,1.722982,1.973521,2.994391
2013 August,1.830669,2.443989,1.354098,5.628757,16.43,18.05,104.16,114.4224745,82.2214285714284,90.3373502,2.335,1.700671,1.974609,2.974451
2013 September,1.680957,2.368264,1.354367,5.403588,15.69,17.23,103.49,113.6436246,83.2959183673468,91.48341666,2.335,1.520094,1.810038,2.888169
2013 October,1.634911,2.450799,1.384325,5.470035,12.38,13.59,97.84,107.381817,85.4436335403726,93.79203918,2.337,1.401506,1.912351,2.972342
2013 November,1.634865,2.3907,1.369852,5.395417,10.04,11.00,90.36,98.98974669,88.3632653061223,96.81835776,2.341,1.393993,2.374758,2.899667
2013 December,1.586449,2.424212,1.420222,5.430883,9.14,9.99,90.57,98.95814048,89.4444642857142,97.74455877,2.347,1.616079,2.994905,2.895401
2014 January,1.685726,2.447544,1.447485,5.580755,9.26,10.09,89.71,97.7814522,87.9735389610388,95.90464768,2.353,1.74661,3.301739,2.942657
2014 February,1.529087,2.257913,1.321258,5.108258,9.77,10.64,96.1,104.6312021,83.0276785714285,90.41337633,2.355,1.599885,2.824408,2.63195
2014 March,1.764017,2.529406,1.487739,5.781162,10.70,11.63,97.13,105.5371268,79.7530612244897,86.67048064,2.360,1.52349,2.634668,2.842274
2014 April,1.68223,2.513454,1.491654,5.687337,11.76,12.75,97.33,105.5576589,78.5207142857142,85.17246822,2.365,1.239603,2.019421,2.828094
2014 May,1.698744,2.585667,1.548496,5.832906,13.60,14.72,98.46,106.5803588,78.8346428571427,85.3505681,2.369,1.356781,1.862981,2.886766
2014 June,1.605018,2.528941,1.516847,5.650806,16.13,17.44,100.26,108.3856197,77.3484693877550,83.63107013,2.372,1.558821,1.796176,2.831538
2014 July,1.714165,2.66361,1.579069,5.956843,17.23,18.61,98.75,106.6332269,74.0380434782607,79.96176032,2.375,1.70228,1.935907,2.992903
2014 August,1.772364,2.679277,1.597642,6.049284,17.41,18.80,93.23,100.6886748,74.2483928571428,80.20177195,2.375,1.69355,1.989587,2.9934
2014 September,1.695648,2.597966,1.573106,5.866721,16.27,17.57,89.38,96.52375325,71.5256493506492,77.25518285,2.375,1.456971,1.86203,2.887177
2014 October,1.729916,2.707716,1.657848,6.095481,13.11,14.16,82.75,89.38153614,68.9846273291924,74.52536289,2.374,1.304013,1.968636,3.050774
2014 November,1.658196,2.596842,1.618682,5.873719,10.19,11.03,74.34,80.44902187,67.3307142857142,72.87581056,2.370,1.375805,2.427781,2.884395
2014 December,1.750595,2.706147,1.70213,6.158872,10.01,10.87,57.36,62.26572558,67.1622448979591,72.91839145,2.363,1.439824,2.759504,2.991554
2015 January,1.733824,2.715582,1.663261,6.112667,9.50,10.38,44.74,48.88380333,64.7163265306122,70.72204839,2.347,1.498062,3.225121,2.9691
2015 February,1.447888,2.474591,1.522409,5.444888,9.08,9.90,47.18,51.43628037,70.6591071428570,77.04628961,2.352,1.408891,3.02876,2.730413
2015 March,1.628444,2.758915,1.697394,6.084753,9.28,10.08,47.22,51.31214656,68.3449675324675,74.28013886,2.360,1.238275,2.682045,2.986812
2015 April,1.501834,2.718774,1.654987,5.875596,10.43,11.33,51.62,56.05758969,61.1978571428571,66.46983501,2.362,1.036587,2.077147,2.879922
2015 May,1.408558,2.770118,1.677208,5.855884,12.73,13.78,57.51,62.2383503,65.6712406015037,71.08236859,2.370,1.206388,1.92174,2.983697
2015 June,1.340692,2.673379,1.602624,5.616694,15.07,16.26,58.89,63.5414339,63.1047077922077,68.10032459,2.377,1.438646,1.965222,2.968673
2015 July,1.530531,2.774237,1.671217,5.975985,16.28,17.54,52.42,56.47272729,64.4832298136645,69.48010925,2.381,1.586788,2.139057,3.120467
2015 August,1.653553,2.784342,1.665968,6.103862,16.88,18.19,43.23,46.57711582,63.3932142857142,68.31280129,2.380,1.530787,2.12351,3.086621
2015 September,1.555345,2.711162,1.622469,5.888976,16.40,17.71,41.12,44.40111997,61.7654220779219,66.70497067,2.375,1.351456,1.966653,2.905377
2015 October,1.510434,2.790008,1.663817,5.964259,12.60,13.59,42.03,45.33124482,57.3306818181817,61.84396519,2.378,1.137837,2.055676,3.004488
2015 November,1.372933,2.691399,1.598047,5.662378,10.02,10.80,39.05,42.07559733,55.7780612244897,60.10970987,2.380,1.045014,2.32738,2.83981
2015 December,1.26206,2.771864,1.639588,5.673512,9.27,10.00,33.16,35.75913707,55.8658163265305,60.25465752,2.378,1.070137,2.678785,3.002201
2016 January,1.222366,2.74981,1.631377,5.603552,8.28,8.93,27.48,29.63193543,53.4289285714285,57.62245012,2.378,1.29718,3.200999,2.927142
2016 February,1.155989,2.606381,1.502511,5.264881,8.36,9.03,26.66,28.79178735,53.7816326530611,58.09174577,2.375,1.074345,2.745566,2.853424
2016 March,1.114686,2.780505,1.6108,5.505991,9.19,9.90,32.24,34.73474739,55.4352040816325,59.73470558,2.380,0.867377,2.438381,3.03855
2016 April,0.970598,2.690847,1.521898,5.183343,9.65,10.36,35.9,38.55018172,54.6586734693876,58.70336999,2.388,0.844204,2.156019,2.895399
2016 May,1.069358,2.765213,1.565219,5.399789,11.62,12.44,40.88,43.78103849,54.5271428571427,58.40632472,2.395,0.960164,2.033497,2.975374
2016 June,1.19839,2.653266,1.488378,5.340034,14.43,15.41,44.13,47.12333283,56.2285714285713,60.05249918,2.402,1.314479,2.069855,2.973647
2016 July,1.246326,2.753944,1.531694,5.531964,16.56,17.68,41.48,44.29671913,64.4183673469387,68.80412752,2.402,1.528865,2.262495,3.046864
2016 August,1.375601,2.713116,1.537942,5.62666,17.60,18.76,41.21,43.92570957,71.3269480519479,76.03994221,2.406,1.521198,2.285098,3.139463
2016 September,1.308702,2.612616,1.462343,5.383662,16.78,17.85,40.86,43.47152034,76.3738636363635,81.26867768,2.411,1.296259,2.015024,2.948081
2016 October,1.379141,2.70414,1.558684,5.641966,13.74,14.58,44.76,47.49468412,96.2397959183672,102.1366441,2.417,1.147161,1.991499,3.031021
2016 November,1.34956,2.641183,1.52576,5.516503,10.77,11.41,41.8,44.29189684,111.4280844155840,118.0904092,2.420,1.022244,2.234524,2.925859
2016 December,1.276371,2.675102,1.557048,5.508522,9.06,9.57,46.72,49.35369153,93.1344642857141,98.40092799,2.428,1.352427,2.967399,3.061798
2017 January,1.38174,2.670188,1.568347,5.620276,9.32,9.80,48.12,50.62242555,91.4244897959182,96.19485451,2.438,1.312712,3.012498,2.969566
2017 February,1.29987,2.45393,1.455569,5.209369,10.01,10.52,49.38,51.90940909,85.9692857142856,90.38789719,2.440,1.011109,2.418364,2.660649
2017 March,1.299466,2.77669,1.621606,5.697762,9.86,10.37,46.53,48.95596484,86.3338509316768,90.85014816,2.437,1.029337,2.607686,3.087134
2017 April,1.183991,2.689205,1.559762,5.432957,11.34,11.92,47.47,49.88317001,90.1107142857141,94.70724649,2.441,0.937459,1.995046,2.919528
2017 May,1.251819,2.785119,1.626498,5.663435,13.26,13.94,47.21,49.62805099,80.1183673469386,84.23591061,2.440,1.065558,1.9532,3.092575
2017 June,1.335118,2.717178,1.557883,5.610179,16.06,16.87,44.03,46.243473,85.6733766233764,89.99525397,2.442,1.217991,1.972225,3.066593
2017 July,1.271276,2.838518,1.637532,5.747325,17.86,18.74,44.76,46.97016122,90.7739795918366,95.2720069,2.444,1.432549,2.211526,3.099472
2017 August,1.423715,2.831231,1.639934,5.89488,18.22,19.05,47.62,49.78661031,102.7724025974020,107.4661381,2.453,1.355633,2.162805,3.13674
2017 September,1.268566,2.771066,1.63023,5.669861,16.92,17.61,50.46,52.51582859,104.7750000000000,109.0617873,2.464,1.139638,1.983192,2.9389
2017 October,1.336215,2.9306,1.721458,5.988273,13.36,13.89,51.4,53.45746329,103.2496753246750,107.4003971,2.466,1.050775,2.096813,3.080031
2017 November,1.296157,2.910421,1.734629,5.941208,10.15,10.52,56.3,58.37723081,102.4870129870130,106.2859591,2.473,1.068561,2.433477,3.018287
2017 December,1.277444,3.006778,1.781302,6.065523,9.29,9.61,57.44,59.42258724,105.9687969924810,109.6445615,2.479,1.216143,3.187406,3.104107
2018 January,1.259529,2.938886,1.767588,5.966004,8.91,9.18,59.71,61.52696567,111.9326298701300,115.3578356,2.489,1.327436,3.422919,3.12497
2018 February,1.22331,2.71657,1.637054,5.576933,9.64,9.91,58.03,59.67954607,111.4773214285710,114.6651466,2.494,0.961072,2.791038,2.711457
2018 March,1.329569,3.050716,1.850141,6.230425,9.78,10.05,56.82,58.40493771,105.7280612244900,108.6952509,2.495,0.939136,2.866967,3.145706
2018 April,1.177058,2.970632,1.792798,5.940488,10.04,10.30,61.24,62.83288779,99.2233928571427,101.8211216,2.500,0.862677,2.415359,2.963379
2018 May,1.241428,3.104675,1.850592,6.196694,13.64,13.96,65.89,67.41773128,109.3750000000000,111.9295241,2.506,0.995949,2.115549,3.137457
2018 June,1.248909,3.01937,1.826574,6.094853,16.51,16.86,66.82,68.23644011,121.5244897959180,124.1211132,2.511,1.159291,2.118408,3.088516
2018 July,1.278281,3.181605,1.934081,6.393967,17.92,18.27,66.62,67.90700465,125.0858766233760,127.5234894,2.516,1.310439,2.425408,3.17116
2018 August,1.406715,3.256604,2.002883,6.666202,18.63,18.97,65.48,66.67025477,123.7349025974020,126.0049568,2.519,1.308072,2.388212,3.283625
2018 September,1.266868,3.195253,1.963168,6.425288,17.31,17.62,66.7,67.87712888,122.2291071428570,124.406833,2.520,1.120216,2.230296,2.96834
2018 October,1.348274,3.322742,2.044259,6.715275,12.26,12.44,67.79,68.77241519,114.7621118012420,116.4445425,2.528,1.01836,2.352439,3.201
2018 November,1.276051,3.257161,2.041147,6.574359,9.43,9.57,54.4,55.19579047,107.5529220779220,109.1443445,2.528,1.081872,2.778607,3.033211
2018 December,1.28829,3.366659,2.115718,6.770667,9.63,9.77,42.8,43.43245767,106.1436090225560,107.7299483,2.527,1.156817,3.059611,3.116457
2019 January,1.334368,3.368348,2.097542,6.800257,9.43,9.57,49.57,50.31245236,105.4012987012980,106.9977129,2.527,1.158293,3.497164,3.118225
2019 February,1.181498,3.081781,1.865579,6.128857,9.47,9.60,56.5,57.24656082,101.3571428571430,102.7134408,2.531,0.946542,3.08134,2.758137
2019 March,1.128943,3.41504,2.107445,6.651428,9.48,9.57,61.2,61.75613816,99.6698979591835,100.5922881,2.541,0.931079,2.980736,3.07775
2019 April,1.192498,3.334084,2.081593,6.608175,10.92,10.98,63.862,64.23759547,88.7646428571427,89.3014963,2.550,0.729472,2.255944,2.977752
,,,,,,,,,,,,,,
,,,,,,,,,,,,,,
,,,,,,,,,,,,,,
,,,,,,,,,,,,,,
,,,,,,,,,,,,,,
,,,,,,,,,,,,,,
,,,,,,,,,,,,,,
,,,,,,,,,,,,,,
,,,,,,,,,,,,,,
,,,,,,,,,,,,,,
,,,,,,,,,,,,,,
,,,,,,,,,,,,,,
,,,,,,,,,,,,,,
,,,,,,,,,,,,,,
,,,,,,,,,,,,,,
,,,,,,,,,,,,,,
,,,,,,,,,,,,,,
,,,,,,,,,,,,,,
,,,,,,,,,,,,,,
,,,,,,,,,,,,,,
,,,,,,,,,,,,,,
,,,,,,,,,,,,,,
,,,,,,,,,,,,,,
,,,,,,,,,,,,,,
,,,,,,,,,,,,,,
,,,,,,,,,,,,,,
,,,,,,,,,,,,,,
,,,,,,,,,,,,,,
,,,,,,,,,,,,,,
,,,,,,,,,,,,,,
,,,,,,,,,,,,,,
,,,,,,,,,,,,,,
,,,,,,,,,,,,,,
,,,,,,,,,,,,,,
,,,,,,,,,,,,,,
,,,,,,,,,,,,,,
,,,,,,,,,,,,,,
,,,,,,,,,,,,,,
,,,,,,,,,,,,,,
,,,,,,,,,,,,,,
,,,,,,,,,,,,,,
,,,,,,,,,,,,,,
,,,,,,,,,,,,,,
,,,,,,,,,,,,,,
,,,,,,,,,,,,,,
,,,,,,,,,,,,,,
,,,,,,,,,,,,,,
,,,,,,,,,,,,,,
,,,,,,,,,,,,,,
,,,,,,,,,,,,,,
,,,,,,,,,,,,,,
,,,,,,,,,,,,,,
,,,,,,,,,,,,,,
,,,,,,,,,,,,,,
,,,,,,,,,,,,,,
,,,,,,,,,,,,,,
,,,,,,,,,,,,,,
,,,,,,,,,,,,,,
,,,,,,,,,,,,,,
,,,,,,,,,,,,,,
,,,,,,,,,,,,,,
,,,,,,,,,,,,,,
,,,,,,,,,,,,,,
,,,,,,,,,,,,,,
,,,,,,,,,,,,,,
,,,,,,,,,,,,,,
,,,,,,,,,,,,,,
,,,,,,,,,,,,,,
,,,,,,,,,,,,,,
,,,,,,,,,,,,,,
,,,,,,,,,,,,,,
,,,,,,,,,,,,,,
,,,,,,,,,,,,,,
,,,,,,,,,,,,,,
,,,,,,,,,,,,,,
,,,,,,,,,,,,,,
,,,,,,,,,,,,,,
,,,,,,,,,,,,,,
,,,,,,,,,,,,,,
,,,,,,,,,,,,,,
,,,,,,,,,,,,,,
,,,,,,,,,,,,,,
,,,,,,,,,,,,,,
,,,,,,,,,,,,,,
,,,,,,,,,,,,,,
,,,,,,,,,,,,,,
,,,,,,,,,,,,,,
,,,,,,,,,,,,,,
,,,,,,,,,,,,,,
,,,,,,,,,,,,,,
,,,,,,,,,,,,,,
,,,,,,,,,,,,,,
,,,,,,,,,,,,,,
,,,,,,,,,,,,,,
,,,,,,,,,,,,,,
,,,,,,,,,,,,,,
,,,,,,,,,,,,,,
,,,,,,,,,,,,,,
,,,,,,,,,,,,,,
,,,,,,,,,,,,,,
,,,,,,,,,,,,,,
,,,,,,,,,,,,,,
,,,,,,,,,,,,,,
,,,,,,,,,,,,,,
,,,,,,,,,,,,,,
,,,,,,,,,,,,,,
,,,,,,,,,,,,,,
,,,,,,,,,,,,,,
,,,,,,,,,,,,,,
,,,,,,,,,,,,,,
,,,,,,,,,,,,,,
,,,,,,,,,,,,,,
,,,,,,,,,,,,,,
,,,,,,,,,,,,,,
,,,,,,,,,,,,,,
,,,,,,,,,,,,,,
,,,,,,,,,,,,,,
,,,,,,,,,,,,,,
,,,,,,,,,,,,,,
,,,,,,,,,,,,,,
,,,,,,,,,,,,,,
,,,,,,,,,,,,,,
,,,,,,,,,,,,,,
,,,,,,,,,,,,,,
,,,,,,,,,,,,,,
,,,,,,,,,,,,,,
,,,,,,,,,,,,,,
,,,,,,,,,,,,,,
,,,,,,,,,,,,,,
,,,,,,,,,,,,,,
,,,,,,,,,,,,,,
,,,,,,,,,,,,,,
,,,,,,,,,,,,,,
,,,,,,,,,,,,,,
,,,,,,,,,,,,,,
,,,,,,,,,,,,,,
,,,,,,,,,,,,,,
,,,,,,,,,,,,,,
,,,,,,,,,,,,,,
,,,,,,,,,,,,,,
,,,,,,,,,,,,,,
,,,,,,,,,,,,,,
,,,,,,,,,,,,,,
,,,,,,,,,,,,,,
,,,,,,,,,,,,,,
,,,,,,,,,,,,,,
,,,,,,,,,,,,,,
,,,,,,,,,,,,,,
,,,,,,,,,,,,,,
,,,,,,,,,,,,,,
,,,,,,,,,,,,,,
,,,,,,,,,,,,,,
,,,,,,,,,,,,,,
,,,,,,,,,,,,,,
,,,,,,,,,,,,,,
,,,,,,,,,,,,,,
,,,,,,,,,,,,,,
,,,,,,,,,,,,,,
,,,,,,,,,,,,,,
,,,,,,,,,,,,,,
,,,,,,,,,,,,,,
,,,,,,,,,,,,,,
,,,,,,,,,,,,,,
,,,,,,,,,,,,,,
,,,,,,,,,,,,,,
,,,,,,,,,,,,,,
,,,,,,,,,,,,,,
,,,,,,,,,,,,,,
,,,,,,,,,,,,,,
,,,,,,,,,,,,,,
,,,,,,,,,,,,,,
,,,,,,,,,,,,,,
,,,,,,,,,,,,,,
,,,,,,,,,,,,,,
,,,,,,,,,,,,,,
,,,,,,,,,,,,,,
,,,,,,,,,,,,,,
,,,,,,,,,,,,,,
,,,,,,,,,,,,,,
,,,,,,,,,,,,,,
,,,,,,,,,,,,,,
,,,,,,,,,,,,,,
,,,,,,,,,,,,,,
,,,,,,,,,,,,,,
,,,,,,,,,,,,,,
,,,,,,,,,,,,,,
,,,,,,,,,,,,,,
,,,,,,,,,,,,,,
,,,,,,,,,,,,,,
,,,,,,,,,,,,,,
,,,,,,,,,,,,,,
,,,,,,,,,,,,,,
,,,,,,,,,,,,,,
,,,,,,,,,,,,,,
